Regime,Avg MRE,Std MRE,Std(κ),Std(λ),Std(σ),Std(ρ),Std(v0)
Pre-Volmageddon,0.04497401368296896,0.018339816516650505,0.9373796625153076,0.02570170574711197,0.27779975109831095,0.15795199225647955,0.02722051038529883
Trade War,0.04559195143976338,0.020163471455457348,0.8662879071996848,0.02092939610777928,0.2537354422537812,0.15079334983275458,0.03257205786432969
COVID Crash,0.056015945255705836,0.018163956933309727,0.9216336189738003,0.027643503806265554,0.26092637078461334,0.2563580247083348,0.16083812808252462
Recovery,0.04726960968983253,0.019721892074678046,1.0068496771796769,0.02326481783528228,0.3527882122458315,0.21180223508206764,0.08202239083114457
Inflation,0.037895305038018204,0.010489043994071164,0.8174318191941231,0.030198960514300908,0.20096027922589102,0.13669302397679126,0.0370234954364833
