Regime,Avg MRE,Std MRE,Std(κ),Std(λ),Std(σ),Std(ρ),Std(v0)
Pre-Volmageddon,0.0583564647217655,0.02060179623263339,0.9423069890377218,0.01631153601417745,0.17248398251007657,0.17114752123668112,0.030394285795749824
Trade War,0.059470249379999736,0.021602783076943934,0.8886682281889368,0.027873037865290017,0.18186605652803217,0.1741872015176822,0.03842942881103484
COVID Crash,0.06762398467385372,0.024572266746935523,0.8511234126449249,0.030926859208083843,0.21697204600327114,0.2470725832944118,0.1601967571166389
Recovery,0.05608828537487691,0.02067882851364031,0.7919361772558954,0.027839844973895165,0.3276041935275104,0.18192368892598304,0.07337954083096702
Inflation,0.04090878163548612,0.014413777078984159,0.6982118175626505,0.019566237054044294,0.15641180232574675,0.1461384973903067,0.039141914713266654
